dt,LandAverageTemperature,LandMaxTemperature,LandMinTemperature,LandAndOceanAverageTemperature
1900-01-01,8.724,11.461,4.592,6.049
1900-02-01,9.815,13.947,6.739,6.755
1900-03-01,10.927,14.151,7.155,7.734
1900-04-01,11.481,16.26,7.881,8.078
1900-05-01,10.707,13.924,7.075,7.505
1900-06-01,9.791,13.384,5.655,6.893
1900-07-01,8.995,13.266,5.129,6.329
1900-08-01,7.542,12.045,3.897,5.408
1900-09-01,6.318,10.848,3.645,4.552
1900-10-01,6.236,10.34,3.216,4.419
1900-11-01,6.319,10.331,2.88,4.508
1900-12-01,7.234,11.03,3.687,5.115
1901-01-01,8.67,12.56,5.736,6.023
1901-02-01,9.382,12.606,4.676,6.643
1901-03-01,10.344,13.435,6.086,7.101
1901-04-01,10.969,14.468,7.168,7.784
1901-05-01,10.522,13.937,6.986,7.246
1901-06-01,9.939,13.212,6.545,6.986
1901-07-01,8.383,12.231,5.359,5.784
1901-08-01,7.007,10.985,3.468,4.96
1901-09-01,6.811,10.356,3.182,4.765
1901-10-01,6.054,10.292,3.174,4.078
1901-11-01,6.462,9.391,2.795,4.565
1901-12-01,7.004,10.407,3.581,4.845
1902-01-01,8.484,11.625,5.938,6.027
1902-02-01,9.898,12.464,6.828,6.929
1902-03-01,10.497,13.956,7.204,7.388
1902-04-01,11.214,14.653,6.77,7.754
1902-05-01,10.635,14.892,6.857,7.385
1902-06-01,9.797,13.612,6.965,6.812
1902-07-01,8.47,11.457,4.727,6.014
1902-08-01,7.833,12.26,5.107,5.651
1902-09-01,6.452,10.562,2.41,4.436
1902-10-01,5.856,9.647,2.591,4.207
1902-11-01,6.661,10.047,3.207,4.445
1902-12-01,7.065,10.085,2.902,4.826
1903-01-01,8.682,11.996,5.826,5.982
1903-02-01,9.39,13.434,6.589,6.438
1903-03-01,10.463,14.905,7.255,7.166
1903-04-01,11.179,15.451,7.16,7.867
1903-05-01,10.98,14.235,8.239,7.664
1903-06-01,9.923,12.863,7.839,6.984
1903-07-01,8.601,12.172,5.327,6.09
1903-08-01,7.305,9.921,3.529,5.14
1903-09-01,6.095,9.757,1.995,4.332
1903-10-01,5.95,9.376,2.682,4.158
1903-11-01,6.35,9.617,3.055,4.326
1903-12-01,7.644,10.347,3.567,5.457
1904-01-01,8.726,12.483,6.161,6.049
1904-02-01,9.449,12.683,6.144,6.521
1904-03-01,10.886,13.801,7.291,7.602
1904-04-01,11.044,13.108,7.319,7.639
1904-05-01,10.636,14.122,7.391,7.403
1904-06-01,10.043,14.429,6.526,7.064
1904-07-01,8.898,13.228,6.642,6.263
1904-08-01,7.623,10.894,4.452,5.246
1904-09-01,6.265,9.464,2.538,4.337
1904-10-01,6.063,9.797,3.054,4.351
1904-11-01,6.558,9.559,3.028,4.64
1904-12-01,7.634,11.285,3.91,5.551
1905-01-01,8.53,12.413,5.201,6.089
1905-02-01,9.854,13.967,6.268,7.012
1905-03-01,10.538,13.988,7.52,7.238
1905-04-01,10.851,14.249,7.454,7.672
1905-05-01,11.018,14.079,7.213,7.707
1905-06-01,10.239,13.326,6.661,7.112
1905-07-01,8.632,12.019,5.425,6.059
1905-08-01,7.651,11.335,4.039,5.45
1905-09-01,6.575,10.532,2.718,4.653
1905-10-01,5.989,9.087,3.514,4.104
1905-11-01,6.575,10.822,2.496,4.677
1905-12-01,7.785,11.149,4.453,5.385
1906-01-01,8.651,12.14,4.938,6.077
1906-02-01,10.301,13.428,6.203,7.18
1906-03-01,10.17,12.458,7.356,7.097
1906-04-01,11.365,15.307,8.22,8.032
1906-05-01,10.847,14.715,7.491,7.489
1906-06-01,9.835,13.195,6.727,7.079
1906-07-01,8.683,12.216,4.315,5.896
1906-08-01,6.913,10.671,3.841,4.779
1906-09-01,6.44,9.159,3.218,4.545
1906-10-01,6.249,9.485,2.647,4.433
1906-11-01,6.864,10.762,3.965,4.795
1906-12-01,7.28,10.153,3.978,5.091
1907-01-01,8.468,12.115,4.809,5.969
1907-02-01,9.795,12.616,6.461,6.833
1907-03-01,11.064,14.797,7.611,7.884
1907-04-01,11.252,14.734,8.017,7.96
1907-05-01,10.703,13.395,7.96,7.579
1907-06-01,10.048,14.131,6.388,6.937
1907-07-01,8.694,11.827,4.317,6.078
1907-08-01,7.662,10.757,4.153,5.333
1907-09-01,6.329,9.93,2.717,4.33
1907-10-01,6.088,10.162,2.242,4.298
1907-11-01,6.407,9.399,3.542,4.431
1907-12-01,7.054,10.585,2.703,5.003
1908-01-01,8.754,12.468,5.153,6.021
1908-02-01,9.995,13.842,5.679,7.169
1908-03-01,10.846,14.435,7.713,7.503
1908-04-01,11.121,14.438,6.712,7.807
1908-05-01,10.491,13.577,6.604,7.423
1908-06-01,9.825,13.368,6.048,6.82
1908-07-01,8.594,11.558,4.977,6.101
1908-08-01,7.229,9.269,3.854,4.938
1908-09-01,6.475,10.193,2.374,4.677
1908-10-01,6.281,10.233,2.711,4.398
1908-11-01,6.986,9.305,4.47,4.831
1908-12-01,7.474,10.469,4.532,5.202
1909-01-01,8.754,12.564,5.347,6.209
1909-02-01,9.921,14.45,6.266,6.887
1909-03-01,10.375,13.886,6.904,7.188
1909-04-01,11.183,14.319,7.074,7.806
1909-05-01,10.87,14.279,8.346,7.491
1909-06-01,10.556,14.743,6.984,7.571
1909-07-01,8.642,11.819,6.051,5.993
1909-08-01,7.515,10.616,3.636,5.344
1909-09-01,6.516,9.775,3.063,4.582
1909-10-01,5.898,8.921,2.188,4.03
1909-11-01,6.811,10.372,3.743,4.767
1909-12-01,7.628,11.94,3.488,5.418
1910-01-01,8.898,12.559,4.877,6.21
1910-02-01,9.723,13.096,5.931,6.925
1910-03-01,11.216,14.57,7.781,7.953
1910-04-01,10.85,13.568,7.06,7.687
1910-05-01,11.012,14.953,7.865,7.662
1910-06-01,10.498,13.959,6.57,7.24
1910-07-01,8.452,11.862,4.128,5.855
1910-08-01,7.308,12.405,3.273,5.136
1910-09-01,6.56,10.209,3.425,4.646
1910-10-01,6.074,9.198,2.393,4.035
1910-11-01,6.147,9.434,3.294,4.302
1910-12-01,7.467,11.541,3.681,5.243
1911-01-01,8.444,12.001,4.719,5.883
1911-02-01,10.078,12.859,7.513,7.184
1911-03-01,10.645,14.605,7.726,7.494
1911-04-01,11.597,14.763,8.239,8.249
1911-05-01,10.679,15.116,7.33,7.454
1911-06-01,9.879,13.92,6.984,7.009
1911-07-01,8.913,12.19,5.219,6.403
1911-08-01,7.152,11.293,3.527,5.138
1911-09-01,6.602,10.136,3.199,4.512
1911-10-01,6.537,10.463,3.415,4.55
1911-11-01,6.143,9.885,2.119,4.266
1911-12-01,7.506,10.583,3.178,5.303
1912-01-01,8.785,11.963,5.527,6.218
1912-02-01,10.165,14.18,6.972,7.032
1912-03-01,10.576,13.908,6.83,7.41
1912-04-01,10.89,14.188,7.569,7.421
1912-05-01,11.016,14.038,7.585,7.855
1912-06-01,10.044,13.756,6.174,6.98
1912-07-01,8.783,13.314,6.237,6.153
1912-08-01,7.557,10.523,3.397,5.259
1912-09-01,6.385,9.897,2.849,4.584
1912-10-01,6.278,10.484,2.984,4.111
1912-11-01,6.628,10.088,3.173,4.638
1912-12-01,7.291,11.018,3.81,5.093
1913-01-01,9.196,12.165,6.562,6.392
1913-02-01,10.098,13.813,5.851,7.242
1913-03-01,10.597,14.004,7.077,7.329
1913-04-01,11.394,15.387,7.673,8.053
1913-05-01,10.651,14.745,6.676,7.492
1913-06-01,10.177,14.972,7.187,7.25
1913-07-01,9.02,12.809,5.283,6.247
1913-08-01,7.275,10.938,3.909,5.019
1913-09-01,6.806,10.403,2.882,4.874
1913-10-01,6.333,9.657,3.897,4.476
1913-11-01,6.77,10.44,3.32,4.585
1913-12-01,7.954,11.306,4.756,5.514
1914-01-01,8.679,12.263,4.963,6.114
1914-02-01,9.802,13.96,6.067,6.945
1914-03-01,10.683,13.679,7.536,7.41
1914-04-01,11.036,15.106,7.892,7.434
1914-05-01,10.886,15.044,7.441,7.672
1914-06-01,10.075,13.516,7.024,6.931
1914-07-01,8.809,11.248,4.888,5.965
1914-08-01,7.697,10.893,4.381,5.105
1914-09-01,6.578,10.727,4.532,4.686
1914-10-01,6.603,10.092,3.291,4.635
1914-11-01,6.509,9.509,3.528,4.534
1914-12-01,8.17,11.418,5.486,5.858
1915-01-01,8.906,12.827,6.025,6.298
1915-02-01,9.786,13.559,6.231,7.012
1915-03-01,10.647,14.028,6.483,7.314
1915-04-01,11.371,14.687,7.714,7.956
1915-05-01,10.859,14.163,7.662,7.44
1915-06-01,10.179,13.217,6.451,7.102
1915-07-01,8.868,13.176,5.598,6.183
1915-08-01,7.482,10.821,4.329,5.3
1915-09-01,6.373,10.482,3.45,4.466
1915-10-01,5.871,10.132,3.247,4.172
1915-11-01,6.473,10.472,3.168,4.602
1915-12-01,7.714,10.998,4.135,5.615
1916-01-01,8.814,12.515,5.362,6.138
1916-02-01,9.699,13.186,6.407,6.695
1916-03-01,10.968,14.017,7.941,7.702
1916-04-01,11.356,15.019,7.552,7.869
1916-05-01,10.704,13.615,7.863,7.641
1916-06-01,10.048,14.142,6.16,7.006
1916-07-01,8.775,12.042,5.776,6.086
1916-08-01,7.224,10.825,4.1,5.01
1916-09-01,6.684,10.326,3.918,4.751
1916-10-01,6.4,9.771,3.151,4.464
1916-11-01,6.866,10.659,2.878,4.742
1916-12-01,7.773,11.036,4.016,5.608
1917-01-01,8.426,12.361,4.436,5.812
1917-02-01,9.786,12.613,6.024,6.853
1917-03-01,11.064,14.627,8.116,7.81
1917-04-01,11.398,15.868,8.064,7.816
1917-05-01,11.064,14.064,7.954,7.793
1917-06-01,10.983,14.144,6.818,7.583
1917-07-01,8.913,12.67,6.011,6.321
1917-08-01,7.804,11.394,3.857,5.366
1917-09-01,6.843,10.519,2.897,4.86
1917-10-01,6.433,10.177,2.018,4.614
1917-11-01,6.526,10.343,3.231,4.654
1917-12-01,7.71,11.765,3.854,5.422
1918-01-01,8.587,12.292,3.946,5.988
1918-02-01,9.971,13.35,6.78,6.922
1918-03-01,10.824,14.66,8.091,7.724
1918-04-01,11.3,15.75,8.74,7.84
1918-05-01,11.524,14.957,7.667,7.963
1918-06-01,9.563,12.576,7.005,6.761
1918-07-01,8.952,13.005,5.638,6.186
1918-08-01,7.127,10.567,3.408,4.894
1918-09-01,6.497,8.911,2.904,4.404
1918-10-01,6.552,10.476,2.84,4.538
1918-11-01,6.631,9.863,3.02,4.633
1918-12-01,7.261,10.715,3.121,5.107
1919-01-01,8.611,12.277,5.587,6.123
1919-02-01,10.21,13.805,7.048,7.2
1919-03-01,10.772,14.627,7.659,7.522
1919-04-01,11.344,14.626,7.429,7.921
1919-05-01,10.966,14.723,7.016,7.728
1919-06-01,9.877,13.247,6.151,7.041
1919-07-01,9.326,13.195,5.234,6.541
1919-08-01,7.698,11.506,4.788,5.342
1919-09-01,6.119,9.151,1.785,4.184
1919-10-01,6.337,10.38,2.075,4.291
1919-11-01,6.459,9.692,2.592,4.588
1919-12-01,7.753,11.657,3.362,5.485
1920-01-01,8.602,12.286,5.93,6.079
1920-02-01,10.021,14.44,6.784,7.002
1920-03-01,11.091,14.48,7.959,7.905
1920-04-01,11.516,14.842,7.656,8.013
1920-05-01,10.665,14.155,7.69,7.561
1920-06-01,9.966,13.315,6.088,6.973
1920-07-01,8.681,12.581,4.496,6.016
1920-08-01,7.387,10.079,3.539,5.23
1920-09-01,7.076,10.049,3.434,4.994
1920-10-01,6.401,9.367,3.395,4.517
1920-11-01,6.32,10.295,3.243,4.432
1920-12-01,7.779,12.135,3.655,5.442
1921-01-01,9.341,12.788,5.451,6.777
1921-02-01,10.318,13.734,6.838,7.341
1921-03-01,10.595,14.13,7.304,7.489
1921-04-01,11.189,15.27,8.702,7.843
1921-05-01,11.292,14.328,8.327,8.005
1921-06-01,9.883,13.502,5.427,6.97
1921-07-01,8.921,12.909,6.061,6.247
1921-08-01,7.754,11.504,4.159,5.397
1921-09-01,6.413,10.008,2.409,4.481
1921-10-01,6.295,10.296,3.423,4.09
1921-11-01,5.835,7.983,2.242,4.105
1921-12-01,7.304,11.143,3.335,5.064
1922-01-01,8.757,11.93,5.251,6.289
1922-02-01,9.758,12.343,4.824,6.833
1922-03-01,11.393,15.149,8.727,7.856
1922-04-01,10.962,15.149,6.933,7.669
1922-05-01,10.875,14.306,7.461,7.508
1922-06-01,10.103,14.079,6.217,7.119
1922-07-01,9.18,13.486,5.46,6.455
1922-08-01,7.211,11.368,4.078,5.144
1922-09-01,6.946,11.266,3.331,4.783
1922-10-01,6.323,10.194,3.752,4.429
1922-11-01,6.41,9.947,2.608,4.35
1922-12-01,7.686,10.385,4.036,5.45
1923-01-01,8.88,12.257,5.06,6.268
1923-02-01,9.93,13.008,5.901,7.001
1923-03-01,11.013,15.598,7.329,7.709
1923-04-01,11.234,14.646,7.66,7.905
1923-05-01,11.023,14.585,7.964,7.877
1923-06-01,10.246,14.021,7.102,7.143
1923-07-01,9.227,12.748,5.133,6.472
1923-08-01,7.271,11.618,3.052,4.981
1923-09-01,7.198,10.387,3.817,4.952
1923-10-01,5.842,9.439,2.319,4.099
1923-11-01,6.627,9.756,3.579,4.749
1923-12-01,7.727,10.567,3.641,5.383
1924-01-01,8.91,12.104,5.078,6.214
1924-02-01,9.934,13.416,5.464,6.913
1924-03-01,10.953,14.238,7.892,7.614
1924-04-01,11.217,14.371,7.906,7.881
1924-05-01,10.858,13.655,7.242,7.451
1924-06-01,10.302,13.761,6.479,7.34
1924-07-01,8.929,11.677,5.537,6.184
1924-08-01,7.417,11.297,4.353,5.264
1924-09-01,6.9,10.441,2.959,4.703
1924-10-01,6.417,9.188,2.556,4.559
1924-11-01,6.878,10.224,3.836,4.882
1924-12-01,7.747,10.871,3.57,5.462
1925-01-01,8.643,12.302,4.558,5.95
1925-02-01,9.96,14.13,6.393,6.997
1925-03-01,11.202,13.764,7.662,7.723
1925-04-01,11.503,15.06,7.726,8.027
1925-05-01,11.01,14.43,7.941,7.81
1925-06-01,10.129,13.965,6.614,7.17
1925-07-01,9.169,12.776,6.746,6.42
1925-08-01,7.452,10.576,3.514,5.119
1925-09-01,6.822,10.162,4.102,4.84
1925-10-01,6.299,9.401,2.048,4.412
1925-11-01,6.631,10.669,3.296,4.409
1925-12-01,7.875,11.385,4.481,5.591
1926-01-01,9.066,13.517,5.88,6.344
1926-02-01,10.313,13.783,6.957,7.34
1926-03-01,11.351,14.497,7.142,7.836
1926-04-01,11.365,14.108,9.109,7.638
1926-05-01,11.196,13.794,7.057,7.865
1926-06-01,10.032,12.74,6.363,7.052
1926-07-01,8.941,12.575,6.045,6.09
1926-08-01,7.577,11.332,4.615,5.206
1926-09-01,6.719,9.429,2.381,4.979
1926-10-01,6.509,10.456,3.482,4.526
1926-11-01,6.49,9.749,3.567,4.616
1926-12-01,8.133,11.706,4.064,5.628
1927-01-01,8.618,12.925,4.949,5.824
1927-02-01,9.816,13.765,6.785,6.854
1927-03-01,11.325,14.69,7.716,7.901
1927-04-01,11.568,14.622,8.581,8.058
1927-05-01,11.191,13.615,7.141,7.822
1927-06-01,10.277,13.418,6.246,7.22
1927-07-01,8.867,12.261,5.101,6.192
1927-08-01,7.396,10.402,3.715,5.051
1927-09-01,6.724,10.158,2.343,4.755
1927-10-01,6.201,9.739,2.701,4.146
1927-11-01,6.949,10.336,4.04,4.659
1927-12-01,7.583,10.758,3.858,5.382
1928-01-01,8.674,12.258,4.131,6.122
1928-02-01,10.05,13.771,7.057,7.029
1928-03-01,11.148,14.103,7.829,7.664
1928-04-01,11.239,15.445,7.531,7.797
1928-05-01,10.84,14.29,7.366,7.561
1928-06-01,10.191,13.7,7.182,6.974
1928-07-01,8.941,12.795,4.88,6.185
1928-08-01,7.503,11.12,2.843,5.318
1928-09-01,6.597,10.574,2.999,4.761
1928-10-01,6.438,10.082,3.39,4.465
1928-11-01,6.353,9.547,3.627,4.523
1928-12-01,7.278,10.959,3.649,4.903
1929-01-01,8.71,11.639,4.658,6.163
1929-02-01,10.087,13.641,6.349,6.98
1929-03-01,11.133,14.616,7.634,7.824
1929-04-01,11.759,15.155,8.553,8.206
1929-05-01,11.269,14.705,8.316,8.021
1929-06-01,10.1,12.659,6.183,6.983
1929-07-01,8.885,12.111,4.928,6.282
1929-08-01,7.389,10.936,4.662,5.145
1929-09-01,6.72,10.3,2.425,4.688
1929-10-01,6.318,9.304,2.531,4.404
1929-11-01,6.806,10.938,2.606,4.679
1929-12-01,7.433,10.5,4.604,5.202
1930-01-01,9.03,13.015,6.213,6.315
1930-02-01,10.533,14.247,7.108,7.397
1930-03-01,11.038,14.215,7.286,7.735
1930-04-01,11.5,15.888,7.102,8.13
1930-05-01,11.238,14.141,7.385,7.959
1930-06-01,10.05,14.009,6.671,6.93
1930-07-01,8.956,12.956,5.969,6.356
1930-08-01,7.653,10.818,3.538,5.239
1930-09-01,6.759,10.956,3.742,4.79
1930-10-01,6.207,9.582,1.893,4.407
1930-11-01,6.741,10.385,3.383,4.528
1930-12-01,7.774,11.405,3.479,5.451
1931-01-01,9.273,12.706,5.433,6.444
1931-02-01,10.4,14.305,6.968,7.204
1931-03-01,11.613,15.51,8.373,8.264
1931-04-01,11.218,13.844,7.889,7.787
1931-05-01,11.293,15.445,7.579,7.825
1931-06-01,10.206,12.875,6.667,7.152
1931-07-01,9.457,13.474,6.254,6.689
1931-08-01,7.458,11.521,4.041,5.206
1931-09-01,6.535,9.49,2.996,4.691
1931-10-01,6.26,9.555,3.825,4.435
1931-11-01,6.214,9.161,2.485,4.132
1931-12-01,7.529,10.921,4.518,5.217
1932-01-01,8.73,12.076,5.807,6.055
1932-02-01,10.208,14.097,7.551,7.193
1932-03-01,11.171,15.326,8.567,7.557
1932-04-01,11.889,16.087,9.067,8.577
1932-05-01,11.323,14.542,8.177,7.979
1932-06-01,10.026,13.421,5.549,7.033
1932-07-01,8.695,11.354,5.458,6.205
1932-08-01,7.793,10.89,4.204,5.689
1932-09-01,6.425,10.407,2.725,4.584
1932-10-01,6.878,11.186,3.312,4.909
1932-11-01,7.05,9.933,3.589,4.948
1932-12-01,7.553,10.756,4.65,5.273
1933-01-01,8.502,11.989,4.276,5.904
1933-02-01,10.518,14.159,6.115,7.28
1933-03-01,11.066,14.162,8.408,7.678
1933-04-01,11.739,15.451,8.751,8.083
1933-05-01,10.696,13.96,7.336,7.48
1933-06-01,10.03,13.523,7.012,6.853
1933-07-01,8.931,12.704,5.178,6.271
1933-08-01,7.692,11.195,4.556,5.381
1933-09-01,6.652,9.934,2.07,4.671
1933-10-01,6.586,10.031,2.49,4.558
1933-11-01,6.498,9.954,2.892,4.856
1933-12-01,7.644,10.959,3.631,5.487
1934-01-01,8.97,12.341,4.917,6.155
1934-02-01,10.319,14.618,7.101,7.246
1934-03-01,11.283,15.063,8.191,7.837
1934-04-01,11.159,14.511,7.62,7.71
1934-05-01,10.722,14.57,6.791,7.371
1934-06-01,10.509,13.843,6.94,7.4
1934-07-01,9.023,13.11,6.312,6.248
1934-08-01,7.503,11.188,4.404,5.349
1934-09-01,7.163,10.609,3.7,5.113
1934-10-01,6.469,10.193,3.007,4.666
1934-11-01,7.07,9.784,2.583,4.864
1934-12-01,7.707,10.643,4.9,5.442
1935-01-01,9.465,12.368,5.712,6.689
1935-02-01,10.639,14.21,6.394,7.4
1935-03-01,11.053,15.419,6.417,7.66
1935-04-01,11.693,16.309,8.395,8.346
1935-05-01,11.276,15.095,7.531,7.916
1935-06-01,10.542,14.293,6.757,7.443
1935-07-01,8.709,11.308,5.111,6.014
1935-08-01,7.872,11.1,4.421,5.388
1935-09-01,7.05,10.156,3.332,4.878
1935-10-01,6.01,9.2,3.776,4.195
1935-11-01,6.489,9.905,2.648,4.436
1935-12-01,7.19,10.454,3.627,5.032
1936-01-01,8.893,11.403,5.504,6.056
1936-02-01,10.389,14.263,5.866,7.161
1936-03-01,11.501,14.464,8.338,8.118
1936-04-01,11.479,15.098,8.18,8.095
1936-05-01,11.532,16.069,7.036,8.033
1936-06-01,9.865,12.905,6.781,6.804
1936-07-01,8.534,10.769,5.309,5.871
1936-08-01,7.696,11.053,4.27,5.35
1936-09-01,6.891,10.941,2.971,4.888
1936-10-01,6.452,10.931,2.848,4.609
1936-11-01,6.278,9.163,3.424,4.345
1936-12-01,7.688,11.436,4.454,5.266
1937-01-01,8.644,11.911,5.448,6.078
1937-02-01,10.387,13.834,6.926,7.189
1937-03-01,11.227,16.049,7.514,7.807
1937-04-01,11.235,13.984,7.526,7.997
1937-05-01,11.007,14.633,8.395,7.787
1937-06-01,9.955,13.689,5.923,6.984
1937-07-01,8.954,12.997,5.328,6.141
1937-08-01,7.959,11.508,3.767,5.592
1937-09-01,6.559,10.213,2.836,4.697
1937-10-01,6.596,9.9,2.545,4.58
1937-11-01,6.672,10.307,2.939,4.806
1937-12-01,7.522,10.85,3.349,5.395
1938-01-01,8.953,12.764,5.192,6.434
1938-02-01,9.971,13.286,6.52,7.01
1938-03-01,11.007,14.695,6.37,7.763
1938-04-01,11.181,14.666,7.236,7.968
1938-05-01,11.636,15.699,7.849,8.19
1938-06-01,10.239,13.713,7.377,7.117
1938-07-01,8.805,11.419,5.949,6.119
1938-08-01,7.783,11.914,4.137,5.472
1938-09-01,6.787,9.834,3.214,4.622
1938-10-01,6.425,9.598,3.232,4.483
1938-11-01,6.968,10.171,3.398,4.988
1938-12-01,7.919,12.107,3.625,5.324
1939-01-01,8.857,11.29,5.01,6.354
1939-02-01,10.096,15.165,7.167,7.179
1939-03-01,11.086,15.114,7.642,7.714
1939-04-01,10.915,14.526,7.817,7.695
1939-05-01,10.776,14.249,7.47,7.544
1939-06-01,10.582,14.224,7.289,7.53
1939-07-01,9.401,13.162,6.14,6.679
1939-08-01,7.678,11.5,4.805,5.234
1939-09-01,6.969,10.747,3.533,4.937
1939-10-01,6.568,10.113,3.348,4.577
1939-11-01,7.595,10.996,5.559,5.325
1939-12-01,8.02,11.444,3.493,5.541
1940-01-01,8.968,12.371,4.924,6.452
1940-02-01,10.011,14.078,6.699,7.112
1940-03-01,10.763,14.56,7.254,7.46
1940-04-01,11.551,13.581,8.637,7.952
1940-05-01,10.976,14.804,6.628,7.645
1940-06-01,9.894,13.492,5.446,6.97
1940-07-01,8.838,12.329,5.26,6.211
1940-08-01,7.48,10.785,3.468,5.361
1940-09-01,7.257,11.319,3.669,5.159
1940-10-01,6.72,10.694,3.889,4.801
1940-11-01,6.833,9.947,3.539,4.816
1940-12-01,8.12,11.824,4.554,5.545
1941-01-01,9.029,12.044,5.757,6.301
1941-02-01,10.045,12.855,6.654,7.137
1941-03-01,11.556,14.742,8.102,8.084
1941-04-01,11.645,15.576,8.185,8.202
1941-05-01,10.916,14.892,7.39,7.609
1941-06-01,10.212,13.969,7.243,7.046
1941-07-01,8.791,12.654,5.65,6.141
1941-08-01,7.414,11.172,4.557,5.221
1941-09-01,7.076,10.256,3.088,4.888
1941-10-01,6.987,10.703,4.54,4.868
1941-11-01,6.495,10.395,2.418,4.453
1941-12-01,7.901,11.778,3.708,5.642
1942-01-01,8.857,12.952,5.508,6.171
1942-02-01,10.148,14.002,7.95,7.249
1942-03-01,11.037,14.713,7.718,7.879
1942-04-01,11.304,15.339,7.836,7.905
1942-05-01,11.197,14.684,8.202,7.737
1942-06-01,10.062,13.121,6.82,6.835
1942-07-01,9.088,12.506,4.823,6.214
1942-08-01,7.757,10.885,3.925,5.293
1942-09-01,6.795,9.958,3.757,4.894
1942-10-01,6.293,9.721,3.592,4.417
1942-11-01,6.711,9.815,3.374,4.736
1942-12-01,7.959,11.305,4.566,5.349
1943-01-01,9.155,11.708,5.407,6.289
1943-02-01,10.036,13.642,6.803,7.114
1943-03-01,11.22,14.72,7.464,7.883
1943-04-01,11.718,14.809,7.25,8.188
1943-05-01,10.778,14.607,6.87,7.601
1943-06-01,10.416,14.385,6.94,7.455
1943-07-01,8.864,11.561,5.456,6.183
1943-08-01,7.923,11.041,4.601,5.553
1943-09-01,6.674,9.79,2.584,4.691
1943-10-01,6.079,9.109,2.892,4.494
1943-11-01,6.458,10.373,2.935,4.311
1943-12-01,7.792,11.195,4.266,5.523
1944-01-01,9.105,12.473,5.856,6.362
1944-02-01,10.064,12.562,7.25,7.101
1944-03-01,11.365,15.182,7.703,7.89
1944-04-01,11.125,14.005,7.655,7.782
1944-05-01,11.189,14.719,7.438,7.903
1944-06-01,9.987,13.626,6.754,7.302
1944-07-01,8.877,13.057,4.767,6.295
1944-08-01,7.802,10.647,4.74,5.376
1944-09-01,6.66,8.65,2.304,4.62
1944-10-01,6.444,10.036,3.818,4.465
1944-11-01,7.127,11.527,3.409,4.809
1944-12-01,7.646,11.765,3.908,5.319
1945-01-01,9.259,12.864,6.157,6.555
1945-02-01,10.018,13.272,6.305,6.885
1945-03-01,11.348,15.251,7.208,8.048
1945-04-01,11.91,14.924,9.519,8.386
1945-05-01,10.597,14.335,6.846,7.345
1945-06-01,10.101,13.854,7.847,7.056
1945-07-01,9.194,13.224,6.177,6.596
1945-08-01,7.749,12.629,3.435,5.498
1945-09-01,6.978,10.674,3.769,4.885
1945-10-01,6.399,9.645,3.486,4.456
1945-11-01,6.907,10.394,3.506,4.842
1945-12-01,7.761,10.377,3.227,5.382
1946-01-01,9.352,12.505,6.768,6.336
1946-02-01,10.374,13.669,7.399,7.466
1946-03-01,11.309,14.547,7.061,7.932
1946-04-01,11.457,15.033,7.028,8.06
1946-05-01,11.103,14.192,7.655,7.766
1946-06-01,10.202,14.262,7.321,7.068
1946-07-01,9.159,12.659,4.611,6.392
1946-08-01,7.705,11.2,3.408,5.233
1946-09-01,6.967,10.303,3.128,5.105
1946-10-01,7.079,10.656,3.985,4.832
1946-11-01,7.113,11.025,3.637,4.876
1946-12-01,7.728,10.795,4.309,5.366
1947-01-01,9.37,12.541,5.705,6.688
1947-02-01,10.218,13.566,5.992,7.154
1947-03-01,10.726,13.553,6.786,7.384
1947-04-01,11.318,14.408,8.357,8.048
1947-05-01,10.767,14.029,6.579,7.61
1947-06-01,10.232,14.169,6.576,7.216
1947-07-01,9.075,12.706,5.231,6.424
1947-08-01,8.239,11.836,4.006,6.007
1947-09-01,6.987,10.912,4.042,5.109
1947-10-01,6.515,9.947,3.033,4.492
1947-11-01,7.112,10.808,3.878,5.141
1947-12-01,7.267,10.716,4.551,5.125
1948-01-01,9.139,12.772,5.466,6.447
1948-02-01,10.523,13.731,5.767,7.197
1948-03-01,10.875,13.156,8.295,7.596
1948-04-01,11.866,15.299,8.382,8.225
1948-05-01,11.33,15.541,7.509,8.014
1948-06-01,10.226,14.189,6.665,7.265
1948-07-01,9.238,13.221,5.795,6.259
1948-08-01,8.398,12.516,5.547,5.876
1948-09-01,6.96,10.505,3.344,4.984
1948-10-01,6.642,10.241,3.52,4.631
1948-11-01,6.8,9.991,4.395,4.833
1948-12-01,7.618,10.96,3.52,5.367
1949-01-01,9.298,13.105,5.318,6.542
1949-02-01,10.126,14.228,6.6,7.061
1949-03-01,11.273,14.703,7.658,7.769
1949-04-01,11.471,14.745,7.433,7.917
1949-05-01,11.375,14.875,7.763,8.033
1949-06-01,10.423,14.224,6.471,7.298
1949-07-01,9.349,12.127,5.998,6.531
1949-08-01,7.712,10.064,3.557,5.356
1949-09-01,6.857,10.082,3.197,4.77
1949-10-01,6.345,9.235,2.748,4.546
1949-11-01,6.814,10.06,3.949,4.736
1949-12-01,7.934,11.36,4.291,5.42
1950-01-01,9.289,12.563,6.205,6.577
1950-02-01,10.119,14.346,6.939,7.063
1950-03-01,11.482,15.146,8.39,8.041
1950-04-01,11.939,15.589,8.972,8.518
1950-05-01,11.368,15.18,6.806,7.956
1950-06-01,10.819,13.75,6.654,7.602
1950-07-01,8.907,12.926,4.446,6.117
1950-08-01,7.539,11.001,4.65,5.255
1950-09-01,6.49,10.325,2.955,4.604
1950-10-01,6.974,9.938,4.121,4.726
1950-11-01,7.099,9.822,3.946,4.989
1950-12-01,7.836,11.745,4.795,5.495
1951-01-01,9.18,12.868,5.06,6.43
1951-02-01,10.079,13.128,6.777,7.159
1951-03-01,11.887,14.952,7.852,8.354
1951-04-01,11.642,15.705,7.84,8.297
1951-05-01,11.302,14.208,6.651,7.812
1951-06-01,10.541,14.863,7.781,7.393
1951-07-01,9.23,12.28,5.101,6.47
1951-08-01,7.916,11.735,3.843,5.434
1951-09-01,6.747,10.083,3.734,4.819
1951-10-01,6.728,10.529,2.724,4.942
1951-11-01,7.415,10.643,3.747,5.189
1951-12-01,8.196,11.615,4.81,5.788
1952-01-01,9.518,13.039,6.43,6.671
1952-02-01,10.242,13.241,7.102,7.098
1952-03-01,11.038,14.908,6.513,7.544
1952-04-01,11.589,14.832,8.088,8.041
1952-05-01,11.299,14.685,7.408,7.77
1952-06-01,10.644,13.646,7.539,7.621
1952-07-01,8.697,10.916,5.587,6.076
1952-08-01,8.252,11.657,4.211,5.742
1952-09-01,6.915,11.622,4.09,4.93
1952-10-01,6.513,10.406,3.221,4.447
1952-11-01,6.702,10.192,3.185,4.615
1952-12-01,7.456,10.825,3.901,5.226
1953-01-01,9.336,12.847,5.925,6.638
1953-02-01,10.398,14.172,6.7,7.329
1953-03-01,10.973,13.882,7.126,7.706
1953-04-01,11.306,15.363,7.439,7.922
1953-05-01,11.211,15.069,8.204,7.888
1953-06-01,10.797,14.656,7.439,7.578
1953-07-01,9.065,12.784,4.968,6.243
1953-08-01,7.504,11.014,3.557,5.258
1953-09-01,6.904,10.74,4.09,4.725
1953-10-01,6.562,10.358,2.886,4.601
1953-11-01,6.291,9.614,3.78,4.355
1953-12-01,7.866,11.08,4.343,5.76
1954-01-01,9.082,12.633,4.633,6.354
1954-02-01,10.564,14.839,7.538,7.254
1954-03-01,11.767,14.648,8.684,8.224
1954-04-01,11.922,14.688,8.04,8.397
1954-05-01,11.238,14.82,8.509,8.034
1954-06-01,10.113,13.639,6.93,7.02
1954-07-01,9.783,13.37,5.985,6.69
1954-08-01,7.905,11.527,4.722,5.615
1954-09-01,6.978,10.367,3.596,4.747
1954-10-01,6.634,10.879,2.762,4.6
1954-11-01,7.024,9.724,3.314,4.891
1954-12-01,7.854,10.94,4.221,5.491
1955-01-01,9.007,12.455,5.676,6.374
1955-02-01,10.263,12.942,6.578,7.116
1955-03-01,11.307,14.719,7.869,7.887
1955-04-01,11.514,15.845,7.785,8.058
1955-05-01,11.137,14.647,7.885,7.811
1955-06-01,10.427,14.042,7.018,7.308
1955-07-01,9.086,11.956,6.081,6.404
1955-08-01,8.276,11.468,4.794,5.878
1955-09-01,6.322,9.635,3.228,4.465
1955-10-01,6.923,10.264,3.98,4.891
1955-11-01,7.296,11.437,3.667,4.949
1955-12-01,7.382,11.16,3.775,5.172
1956-01-01,9.074,12.019,5.183,6.4
1956-02-01,10.317,13.94,7.033,7.295
1956-03-01,10.973,14.722,7.269,7.612
1956-04-01,11.466,15.536,7.69,7.96
1956-05-01,11.047,15.338,7.325,7.676
1956-06-01,10.848,13.841,7.761,7.647
1956-07-01,9.394,12.488,5.819,6.679
1956-08-01,8.228,11.099,4.546,5.719
1956-09-01,7.175,10.558,3.672,5.114
1956-10-01,6.378,10.111,3.921,4.477
1956-11-01,6.864,10.857,3.284,4.792
1956-12-01,8.032,11.494,3.426,5.602
1957-01-01,8.864,12.205,5.544,6.28
1957-02-01,10.598,14.174,7.462,7.451
1957-03-01,11.275,14.357,7.588,8.12
1957-04-01,11.576,16.121,7.92,8.018
1957-05-01,11.513,14.209,7.416,8.111
1957-06-01,10.531,14.123,7.66,7.319
1957-07-01,9.08,13.592,5.214,6.269
1957-08-01,8.21,11.713,4.415,5.746
1957-09-01,6.735,10.14,3.306,4.728
1957-10-01,6.824,10.145,3.155,5.069
1957-11-01,7.153,10.563,3.138,4.989
1957-12-01,7.843,12.029,3.906,5.377
1958-01-01,9.262,11.656,6.333,6.51
1958-02-01,10.117,14.384,6.207,6.875
1958-03-01,11.576,14.364,8.108,8.094
1958-04-01,11.634,15.0,8.097,8.145
1958-05-01,11.214,14.5,7.678,7.93
1958-06-01,10.692,14.487,7.267,7.582
1958-07-01,9.004,11.705,4.908,6.252
1958-08-01,7.578,11.309,4.12,5.289
1958-09-01,6.626,11.138,3.686,4.561
1958-10-01,6.832,9.65,3.528,4.669
1958-11-01,6.695,10.29,3.105,4.717
1958-12-01,8.369,11.538,4.254,5.731
1959-01-01,8.67,12.382,4.868,6.027
1959-02-01,10.864,14.374,7.789,7.505
1959-03-01,11.408,14.587,6.665,8.04
1959-04-01,11.666,15.41,8.033,8.346
1959-05-01,11.219,15.621,7.081,7.723
1959-06-01,10.54,13.944,7.116,7.193
1959-07-01,9.181,13.04,5.414,6.414
1959-08-01,8.216,11.069,4.296,5.753
1959-09-01,7.053,10.075,2.944,4.959
1959-10-01,6.728,10.464,2.699,4.665
1959-11-01,6.934,11.176,2.998,4.834
1959-12-01,7.926,11.604,4.583,5.585
1960-01-01,9.277,12.62,6.063,6.598
1960-02-01,10.022,13.522,6.356,6.82
1960-03-01,11.028,13.903,7.061,7.683
1960-04-01,11.886,15.688,8.497,8.341
1960-05-01,11.408,15.349,7.375,7.894
1960-06-01,10.404,13.678,6.178,7.456
1960-07-01,9.205,12.47,6.163,6.38
1960-08-01,8.037,11.67,4.955,5.622
1960-09-01,6.9,10.182,3.47,4.886
1960-10-01,6.505,9.972,2.852,4.495
1960-11-01,7.084,11.634,3.846,4.774
1960-12-01,7.705,11.082,3.529,5.351
1961-01-01,9.312,12.633,5.6,6.621
1961-02-01,10.034,13.211,6.515,6.99
1961-03-01,11.632,15.504,8.85,8.058
1961-04-01,11.828,15.238,8.986,8.372
1961-05-01,11.439,14.614,7.799,7.974
1961-06-01,10.706,14.866,8.272,7.443
1961-07-01,9.626,13.836,5.62,6.753
1961-08-01,8.214,11.413,4.793,5.827
1961-09-01,6.585,9.151,1.463,4.847
1961-10-01,6.39,10.394,1.736,4.556
1961-11-01,6.889,10.046,3.479,4.938
1961-12-01,7.967,11.862,4.52,5.526
1962-01-01,9.349,11.864,5.352,6.442
1962-02-01,10.289,14.235,5.937,7.208
1962-03-01,11.432,14.326,8.751,8.013
1962-04-01,11.531,15.397,8.924,7.964
1962-05-01,11.232,14.739,8.043,7.845
1962-06-01,10.118,13.141,6.327,7.123
1962-07-01,8.989,12.286,5.241,6.328
1962-08-01,7.632,11.475,3.597,5.393
1962-09-01,6.811,10.364,3.911,4.797
1962-10-01,6.983,10.776,4.641,4.838
1962-11-01,6.818,11.306,2.889,4.721
1962-12-01,8.628,11.346,5.542,5.92
1963-01-01,9.353,13.662,6.863,6.726
1963-02-01,10.526,14.078,6.954,7.37
1963-03-01,11.18,14.231,7.284,7.804
1963-04-01,11.905,14.74,8.466,8.241
1963-05-01,11.251,14.657,7.98,8.169
1963-06-01,10.511,14.471,7.09,7.25
1963-07-01,9.87,13.306,6.555,6.866
1963-08-01,7.956,12.212,5.13,5.611
1963-09-01,7.352,10.127,4.21,5.207
1963-10-01,6.554,10.048,2.794,4.684
1963-11-01,7.056,9.93,3.395,5.12
1963-12-01,8.423,12.105,4.839,5.947
1964-01-01,9.083,13.027,6.081,6.253
1964-02-01,10.943,14.233,7.534,7.634
1964-03-01,11.582,13.78,9.171,8.138
1964-04-01,11.599,15.199,8.01,8.326
1964-05-01,11.563,15.282,7.349,7.954
1964-06-01,10.733,14.435,7.97,7.633
1964-07-01,9.395,13.513,6.188,6.595
1964-08-01,7.597,10.562,3.933,5.402
1964-09-01,6.893,10.733,2.767,4.815
1964-10-01,6.678,10.774,3.402,4.59
1964-11-01,7.056,9.667,3.902,5.015
1964-12-01,8.145,11.805,5.63,5.767
1965-01-01,9.294,12.542,5.743,6.603
1965-02-01,10.166,13.625,5.645,7.115
1965-03-01,11.51,15.184,7.871,7.997
1965-04-01,11.903,15.159,8.414,8.176
1965-05-01,11.555,14.717,7.894,8.17
1965-06-01,10.77,14.287,7.276,7.582
1965-07-01,9.458,12.415,6.365,6.524
1965-08-01,8.115,11.072,4.203,5.626
1965-09-01,7.067,10.907,3.455,4.901
1965-10-01,6.335,9.26,2.826,4.286
1965-11-01,7.192,11.025,4.18,4.953
1965-12-01,8.052,11.783,3.9,5.523
1966-01-01,9.328,11.965,5.496,6.488
1966-02-01,10.191,13.352,6.967,7.06
1966-03-01,11.155,15.252,7.154,7.646
1966-04-01,12.023,15.033,8.772,8.619
1966-05-01,11.415,14.683,8.306,8.116
1966-06-01,10.68,14.411,7.56,7.398
1966-07-01,9.267,13.159,6.653,6.514
1966-08-01,8.017,11.392,4.282,5.654
1966-09-01,7.33,10.531,4.745,5.25
1966-10-01,6.631,10.842,3.745,4.56
1966-11-01,7.119,11.488,4.657,5.092
1966-12-01,7.894,11.884,4.437,5.471
1967-01-01,9.161,12.704,5.737,6.279
1967-02-01,10.443,13.539,7.106,7.382
1967-03-01,11.491,14.575,8.512,8.172
1967-04-01,11.65,15.412,8.736,8.414
1967-05-01,11.749,15.458,8.017,8.104
1967-06-01,10.296,14.497,7.072,7.277
1967-07-01,9.223,13.049,5.565,6.415
1967-08-01,7.91,10.659,4.853,5.615
1967-09-01,7.467,11.493,3.876,5.08
1967-10-01,6.819,9.82,2.667,4.647
1967-11-01,7.363,10.671,3.57,5.076
1967-12-01,7.649,11.274,4.355,5.362
1968-01-01,9.347,13.845,5.718,6.479
1968-02-01,10.752,15.807,7.373,7.593
1968-03-01,11.466,15.269,7.962,8.129
1968-04-01,12.046,15.455,8.709,8.492
1968-05-01,11.316,15.083,7.898,8.083
1968-06-01,10.882,14.826,7.276,7.659
1968-07-01,9.855,13.194,6.851,6.777
1968-08-01,7.939,12.337,4.947,5.694
1968-09-01,7.004,10.619,4.198,4.842
1968-10-01,7.143,10.892,4.443,5.091
1968-11-01,7.51,11.343,4.618,5.414
1968-12-01,7.899,11.61,4.32,5.575
1969-01-01,9.185,13.104,6.131,6.28
1969-02-01,10.47,13.661,6.713,7.237
1969-03-01,11.119,14.34,7.602,7.916
1969-04-01,11.56,14.51,9.045,8.075
1969-05-01,11.204,14.924,7.377,7.851
1969-06-01,10.348,14.238,6.443,7.32
1969-07-01,9.281,13.01,6.278,6.567
1969-08-01,8.099,12.436,4.388,5.697
1969-09-01,7.513,11.01,4.441,5.238
1969-10-01,6.54,10.375,2.992,4.547
1969-11-01,7.371,10.325,4.503,5.246
1969-12-01,7.987,11.293,5.383,5.646
1970-01-01,9.288,13.135,5.979,6.476
1970-02-01,10.719,14.643,7.281,7.611
1970-03-01,11.184,14.537,7.883,7.816
1970-04-01,11.896,15.36,8.988,8.242
1970-05-01,11.507,14.248,8.207,7.979
1970-06-01,10.673,13.995,7.038,7.373
1970-07-01,9.372,13.317,5.895,6.533
1970-08-01,8.664,12.451,5.073,6.188
1970-09-01,6.976,10.726,3.811,4.802
1970-10-01,6.667,10.192,2.581,4.686
1970-11-01,6.979,10.483,4.067,4.82
1970-12-01,7.911,11.081,4.167,5.512
1971-01-01,9.151,13.0,5.06,6.254
1971-02-01,10.857,14.568,7.117,7.578
1971-03-01,11.83,15.576,8.431,8.262
1971-04-01,11.667,14.904,8.431,8.221
1971-05-01,11.267,13.69,7.249,7.909
1971-06-01,10.678,14.726,7.889,7.355
1971-07-01,9.172,12.433,6.157,6.529
1971-08-01,8.218,11.287,4.917,5.774
1971-09-01,7.196,11.042,3.077,5.057
1971-10-01,6.431,9.735,2.741,4.501
1971-11-01,7.532,11.562,4.516,5.22
1971-12-01,8.509,12.317,5.164,5.978
1972-01-01,9.167,13.009,5.974,6.464
1972-02-01,10.473,13.29,7.328,7.156
1972-03-01,11.557,15.663,7.567,8.036
1972-04-01,11.904,15.534,9.089,8.307
1972-05-01,11.65,14.965,7.345,8.18
1972-06-01,11.073,14.644,7.158,7.87
1972-07-01,9.276,11.888,5.23,6.416
1972-08-01,7.87,11.575,4.602,5.46
1972-09-01,6.81,9.795,3.385,4.716
1972-10-01,6.637,9.461,3.854,4.566
1972-11-01,7.147,9.885,3.909,4.968
1972-12-01,8.519,12.575,4.772,6.04
1973-01-01,9.201,12.386,5.053,6.335
1973-02-01,10.636,14.903,7.69,7.488
1973-03-01,11.491,14.723,8.174,7.873
1973-04-01,12.127,14.773,8.703,8.433
1973-05-01,12.127,15.069,9.325,8.456
1973-06-01,10.447,14.565,6.652,7.481
1973-07-01,9.208,12.63,6.07,6.418
1973-08-01,8.341,11.567,4.939,5.619
1973-09-01,7.335,10.915,4.061,4.935
1973-10-01,7.292,11.043,4.186,5.108
1973-11-01,7.311,11.37,3.814,5.179
1973-12-01,7.99,12.214,4.598,5.631
1974-01-01,9.488,12.808,6.174,6.658
1974-02-01,10.867,13.704,7.731,7.723
1974-03-01,11.71,15.003,8.05,8.143
1974-04-01,11.967,15.597,7.64,8.466
1974-05-01,11.772,14.79,8.202,8.077
1974-06-01,10.882,13.904,6.884,7.527
1974-07-01,9.686,13.357,6.881,6.599
1974-08-01,8.252,11.728,4.673,5.749
1974-09-01,7.133,10.65,4.182,4.989
1974-10-01,6.877,9.997,4.115,4.825
1974-11-01,7.477,10.861,4.346,5.24
1974-12-01,7.886,10.924,3.79,5.427
1975-01-01,9.442,13.387,5.467,6.59
1975-02-01,10.502,14.519,6.88,7.201
1975-03-01,11.522,14.099,8.789,8.202
1975-04-01,12.17,15.205,8.768,8.488
1975-05-01,11.563,14.315,7.912,8.045
1975-06-01,10.612,13.787,7.024,7.587
1975-07-01,9.01,12.468,6.432,6.183
1975-08-01,8.287,11.062,5.232,5.688
1975-09-01,7.346,10.385,3.878,5.033
1975-10-01,7.391,10.389,3.623,5.167
1975-11-01,7.108,10.712,4.706,5.019
1975-12-01,8.155,11.689,4.736,5.782
1976-01-01,9.422,12.561,5.851,6.853
1976-02-01,11.004,14.593,7.08,7.478
1976-03-01,11.501,14.728,7.655,8.112
1976-04-01,11.93,15.294,8.138,8.295
1976-05-01,11.677,16.014,8.577,8.115
1976-06-01,10.657,14.827,8.111,7.398
1976-07-01,9.248,12.099,5.945,6.383
1976-08-01,8.159,12.073,4.158,5.879
1976-09-01,7.463,11.369,3.267,5.309
1976-10-01,6.603,9.529,2.748,4.625
1976-11-01,7.228,11.138,3.514,5.195
1976-12-01,7.935,12.204,4.245,5.403
1977-01-01,9.669,12.607,6.447,6.635
1977-02-01,10.239,13.28,6.804,6.95
1977-03-01,11.395,15.404,7.061,7.907
1977-04-01,11.964,15.6,8.936,8.391
1977-05-01,11.926,15.702,7.619,8.359
1977-06-01,10.604,14.274,7.265,7.437
1977-07-01,9.231,12.927,5.068,6.321
1977-08-01,8.59,11.427,5.794,6.094
1977-09-01,6.843,10.867,3.05,4.814
1977-10-01,6.32,10.405,3.189,4.498
1977-11-01,7.315,10.7,4.523,4.931
1977-12-01,7.994,11.473,4.385,5.627
1978-01-01,9.125,11.859,5.12,6.269
1978-02-01,10.807,14.564,7.73,7.525
1978-03-01,11.606,15.392,8.856,8.178
1978-04-01,11.739,15.208,8.285,8.226
1978-05-01,11.225,15.287,7.769,7.772
1978-06-01,10.848,14.181,7.074,7.594
1978-07-01,9.543,13.325,5.568,6.527
1978-08-01,8.105,11.095,4.635,5.789
1978-09-01,7.677,11.165,3.249,5.353
1978-10-01,6.612,10.025,3.0,4.741
1978-11-01,6.834,10.446,3.507,4.731
1978-12-01,7.957,11.272,5.263,5.518
1979-01-01,9.379,12.813,6.01,6.489
1979-02-01,10.701,14.614,7.369,7.578
1979-03-01,11.495,14.776,7.515,7.975
1979-04-01,11.978,14.675,8.247,8.449
1979-05-01,11.242,15.617,8.332,7.831
1979-06-01,11.001,15.192,7.415,7.503
1979-07-01,9.369,12.223,5.534,6.502
1979-08-01,8.419,12.264,4.155,5.776
1979-09-01,7.311,10.559,3.367,5.121
1979-10-01,7.004,10.636,3.124,4.784
1979-11-01,7.367,11.014,3.837,5.25
1979-12-01,8.252,11.635,4.558,5.767
1980-01-01,9.561,12.669,5.436,6.675
1980-02-01,10.982,14.137,8.149,7.753
1980-03-01,11.614,14.656,8.289,8.226
1980-04-01,12.077,15.161,8.964,8.452
1980-05-01,11.543,15.009,7.853,8.003
1980-06-01,11.01,14.152,6.895,7.53
1980-07-01,9.231,13.072,6.029,6.393
1980-08-01,8.6,12.844,6.295,5.958
1980-09-01,7.225,10.435,3.931,5.068
1980-10-01,6.542,10.162,2.586,4.545
1980-11-01,7.267,11.017,3.498,5.156
1980-12-01,7.98,11.716,4.266,5.525
1981-01-01,9.62,13.158,6.26,6.728
1981-02-01,10.497,14.368,7.636,7.466
1981-03-01,11.464,15.205,7.706,8.059
1981-04-01,11.438,14.319,8.355,8.0
1981-05-01,11.462,15.397,6.87,7.963
1981-06-01,10.054,13.998,6.269,6.974
1981-07-01,9.014,12.132,5.804,6.225
1981-08-01,8.35,11.869,5.156,5.791
1981-09-01,7.441,11.283,3.988,5.285
1981-10-01,7.016,10.412,3.636,4.889
1981-11-01,7.003,11.04,2.945,4.767
1981-12-01,8.148,12.83,4.555,5.88
1982-01-01,9.419,12.526,6.285,6.625
1982-02-01,10.38,13.19,5.935,7.126
1982-03-01,11.961,15.613,8.436,8.328
1982-04-01,12.139,16.0,8.255,8.509
1982-05-01,11.53,14.914,8.334,8.241
1982-06-01,10.677,14.903,6.995,7.363
1982-07-01,9.472,12.303,5.817,6.728
1982-08-01,7.66,11.506,5.104,5.502
1982-09-01,7.193,10.39,2.686,4.972
1982-10-01,6.75,11.109,2.604,4.697
1982-11-01,7.005,11.501,3.703,4.8
1982-12-01,8.1,11.216,5.151,5.649
1983-01-01,9.879,13.105,6.206,6.912
1983-02-01,10.84,14.77,7.297,7.654
1983-03-01,11.452,14.759,7.774,8.126
1983-04-01,12.073,15.55,8.477,8.376
1983-05-01,11.945,15.458,8.192,8.165
1983-06-01,10.911,13.451,6.688,7.636
1983-07-01,9.445,12.938,5.661,6.641
1983-08-01,8.018,11.173,5.043,5.638
1983-09-01,7.439,10.693,3.258,5.175
1983-10-01,7.028,11.25,2.708,4.932
1983-11-01,7.489,10.36,2.413,5.394
1983-12-01,8.339,12.245,5.401,5.875
1984-01-01,9.702,13.063,6.081,6.754
1984-02-01,10.556,13.916,8.097,7.339
1984-03-01,11.934,15.83,8.158,8.337
1984-04-01,11.989,15.659,8.764,8.556
1984-05-01,12.124,15.909,7.662,8.468
1984-06-01,10.518,14.502,7.405,7.36
1984-07-01,9.874,13.208,7.219,6.864
1984-08-01,8.239,11.433,4.975,5.878
1984-09-01,7.112,10.07,4.6,5.174
1984-10-01,6.819,9.906,2.943,4.818
1984-11-01,7.195,12.169,4.727,5.045
1984-12-01,8.296,12.418,4.782,5.811
1985-01-01,9.581,12.405,7.12,6.468
1985-02-01,10.557,13.395,7.217,7.464
1985-03-01,11.609,15.35,7.287,8.14
1985-04-01,12.486,16.259,8.805,8.783
1985-05-01,12.047,15.821,8.979,8.362
1985-06-01,10.809,14.182,7.325,7.528
1985-07-01,9.46,12.897,5.95,6.581
1985-08-01,8.23,11.894,4.494,5.863
1985-09-01,7.438,10.981,4.622,5.169
1985-10-01,6.694,9.085,2.898,4.894
1985-11-01,7.221,10.606,5.073,5.098
1985-12-01,7.783,10.857,4.598,5.32
1986-01-01,9.56,13.147,6.304,6.679
1986-02-01,10.872,15.864,7.055,7.545
1986-03-01,11.504,15.188,7.993,7.834
1986-04-01,12.353,15.697,9.556,8.807
1986-05-01,11.319,15.28,8.311,7.993
1986-06-01,10.344,14.085,6.745,7.294
1986-07-01,9.516,13.226,6.056,6.678
1986-08-01,8.472,12.275,5.261,5.792
1986-09-01,7.716,12.244,4.456,5.353
1986-10-01,6.845,9.78,2.997,4.876
1986-11-01,7.565,11.301,4.323,5.19
1986-12-01,8.2,11.237,4.744,5.487
1987-01-01,9.427,13.205,4.842,6.576
1987-02-01,10.941,13.982,8.153,7.644
1987-03-01,11.798,15.089,9.224,8.272
1987-04-01,11.576,14.928,7.684,8.176
1987-05-01,12.004,15.992,8.844,8.467
1987-06-01,11.065,15.024,7.724,7.771
1987-07-01,9.314,12.191,6.204,6.639
1987-08-01,8.319,11.846,4.949,5.671
1987-09-01,7.428,10.574,3.129,5.25
1987-10-01,7.035,9.906,3.134,4.987
1987-11-01,7.167,10.559,3.236,4.893
1987-12-01,8.052,11.398,5.26,5.486
1988-01-01,9.474,14.187,6.549,6.557
1988-02-01,11.023,14.74,8.943,7.65
1988-03-01,11.781,14.592,8.686,8.322
1988-04-01,11.887,15.105,7.909,8.26
1988-05-01,11.838,15.849,8.08,8.201
1988-06-01,10.018,14.562,6.629,6.951
1988-07-01,9.767,12.474,6.278,6.949
1988-08-01,7.795,10.355,4.64,5.458
1988-09-01,7.224,11.66,3.622,5.039
1988-10-01,6.7,10.395,2.817,4.679
1988-11-01,6.991,10.057,4.299,5.023
1988-12-01,8.52,12.288,4.87,5.889
1989-01-01,9.373,11.555,5.407,6.693
1989-02-01,10.827,14.328,7.534,7.6
1989-03-01,11.643,15.307,7.793,8.134
1989-04-01,12.109,16.071,7.202,8.727
1989-05-01,11.674,14.667,8.226,8.066
1989-06-01,10.419,13.962,6.723,7.258
1989-07-01,9.739,12.776,6.608,6.694
1989-08-01,8.117,11.744,4.526,5.777
1989-09-01,6.936,9.988,3.206,5.024
1989-10-01,6.883,10.179,3.286,4.985
1989-11-01,7.7,10.702,4.71,5.512
1989-12-01,8.453,12.278,4.849,5.897
1990-01-01,9.413,13.342,5.182,6.552
1990-02-01,10.663,14.045,6.938,7.297
1990-03-01,11.585,15.104,7.604,8.313
1990-04-01,12.519,15.295,9.138,8.81
1990-05-01,11.761,15.111,7.886,8.183
1990-06-01,10.858,14.332,7.218,7.733
1990-07-01,9.758,14.568,6.733,6.733
1990-08-01,8.31,11.254,4.65,5.857
1990-09-01,7.27,11.502,4.266,5.072
1990-10-01,6.951,10.949,3.767,4.93
1990-11-01,7.317,10.957,3.722,5.116
1990-12-01,8.241,12.62,4.592,5.623
1991-01-01,9.692,13.378,6.787,6.792
1991-02-01,10.773,14.468,6.746,7.646
1991-03-01,11.858,15.332,8.072,8.298
1991-04-01,11.99,16.102,8.842,8.47
1991-05-01,11.695,15.743,8.964,8.082
1991-06-01,10.26,13.448,6.833,7.18
1991-07-01,9.739,12.579,6.462,6.755
1991-08-01,8.347,11.745,4.79,5.917
1991-09-01,7.594,10.694,4.276,5.319
1991-10-01,6.286,9.754,3.79,4.469
1991-11-01,7.867,11.986,4.561,5.616
1991-12-01,8.225,11.496,4.878,5.827
1992-01-01,9.797,13.276,5.98,6.885
1992-02-01,10.51,14.039,7.359,7.257
1992-03-01,11.838,15.762,7.499,8.287
1992-04-01,11.757,14.133,9.212,8.176
1992-05-01,11.529,14.726,7.374,8.036
1992-06-01,11.249,14.854,7.861,7.837
1992-07-01,9.472,13.572,5.543,6.533
1992-08-01,8.324,11.578,4.784,5.631
1992-09-01,7.572,10.134,3.503,5.234
1992-10-01,7.144,10.954,3.838,5.02
1992-11-01,7.393,10.575,4.442,5.04
1992-12-01,8.361,11.266,4.151,5.854
1993-01-01,10.131,13.319,6.688,7.282
1993-02-01,10.766,14.173,7.155,7.638
1993-03-01,11.745,14.943,7.628,8.386
1993-04-01,12.293,14.69,9.309,8.644
1993-05-01,11.971,15.92,8.174,8.497
1993-06-01,11.077,15.214,7.872,7.681
1993-07-01,9.69,13.515,6.256,6.718
1993-08-01,7.994,10.925,4.458,5.322
1993-09-01,7.773,11.173,5.023,5.56
1993-10-01,6.743,10.24,3.633,4.874
1993-11-01,7.441,11.24,3.265,5.153
1993-12-01,8.091,11.926,4.148,5.639
1994-01-01,9.524,12.657,6.055,6.591
1994-02-01,10.872,14.413,7.251,7.649
1994-03-01,11.785,15.514,8.433,8.362
1994-04-01,12.145,16.373,7.967,8.328
1994-05-01,12.108,15.961,8.709,8.517
1994-06-01,10.903,14.798,7.287,7.605
1994-07-01,9.479,13.021,5.406,6.647
1994-08-01,8.531,12.736,5.42,6.018
1994-09-01,7.672,11.377,3.393,5.352
1994-10-01,6.733,9.803,3.998,4.703
1994-11-01,7.524,11.726,3.209,5.246
1994-12-01,8.465,12.314,5.152,6.023
1995-01-01,9.476,12.754,6.097,6.675
1995-02-01,11.144,14.404,8.589,7.823
1995-03-01,11.678,15.326,8.405,8.047
1995-04-01,12.081,15.813,9.101,8.419
1995-05-01,11.672,15.27,8.476,8.26
1995-06-01,10.804,14.46,7.373,7.566
1995-07-01,9.276,13.626,5.297,6.559
1995-08-01,7.94,11.976,4.336,5.735
1995-09-01,7.784,11.379,4.13,5.552
1995-10-01,6.838,10.809,3.886,4.796
1995-11-01,7.137,10.121,4.077,4.945
1995-12-01,7.762,11.461,3.362,5.178
1996-01-01,9.4,13.805,6.268,6.563
1996-02-01,10.479,13.87,6.151,7.303
1996-03-01,12.136,15.212,8.757,8.534
1996-04-01,12.312,15.486,8.811,8.603
1996-05-01,11.553,14.508,7.518,8.055
1996-06-01,11.373,14.481,7.237,7.783
1996-07-01,9.805,13.12,6.361,6.77
1996-08-01,8.229,11.026,4.923,5.808
1996-09-01,6.77,10.278,3.298,4.911
1996-10-01,7.633,11.584,3.964,5.333
1996-11-01,7.048,10.094,3.102,4.966
1996-12-01,7.899,12.158,4.397,5.624
1997-01-01,9.826,13.581,6.016,6.797
1997-02-01,11.43,15.445,7.111,8.038
1997-03-01,12.081,15.252,8.39,8.383
1997-04-01,12.211,16.138,8.555,8.634
1997-05-01,11.884,14.838,9.143,8.334
1997-06-01,11.033,14.978,8.849,7.753
1997-07-01,9.76,13.346,6.066,6.754
1997-08-01,8.39,12.167,4.938,5.944
1997-09-01,7.431,10.343,4.188,5.41
1997-10-01,7.054,10.107,3.433,4.837
1997-11-01,7.216,11.015,3.747,5.018
1997-12-01,8.25,11.276,4.186,5.798
1998-01-01,9.157,12.888,5.614,6.488
1998-02-01,10.805,13.622,7.679,7.508
1998-03-01,11.498,15.422,7.503,7.765
1998-04-01,11.804,14.688,8.413,8.399
1998-05-01,11.79,15.566,8.027,8.329
1998-06-01,11.178,14.991,7.917,7.65
1998-07-01,9.81,12.961,6.634,6.806
1998-08-01,7.937,11.728,4.395,5.713
1998-09-01,7.168,10.798,3.661,5.162
1998-10-01,7.315,10.546,3.575,5.214
1998-11-01,7.169,10.165,3.804,5.001
1998-12-01,8.274,10.793,5.692,5.8
1999-01-01,9.728,13.402,6.444,6.796
1999-02-01,10.598,13.316,6.701,7.531
1999-03-01,11.781,15.329,8.43,8.159
1999-04-01,11.756,15.125,8.38,8.149
1999-05-01,11.605,15.444,7.612,8.224
1999-06-01,10.92,14.269,7.776,7.64
1999-07-01,9.192,12.527,6.463,6.572
1999-08-01,8.45,12.316,5.03,5.848
1999-09-01,7.42,11.088,4.162,5.189
1999-10-01,7.228,10.886,4.211,4.967
1999-11-01,7.481,11.216,4.069,5.237
1999-12-01,8.681,11.413,4.935,5.929
2000-01-01,9.631,13.51,6.136,6.693
2000-02-01,10.743,14.549,7.089,7.376
2000-03-01,11.796,14.787,7.389,8.326
2000-04-01,12.236,15.614,8.907,8.637
2000-05-01,11.777,15.258,8.138,8.071
2000-06-01,10.86,14.293,7.615,7.735
2000-07-01,9.425,13.091,6.348,6.847
2000-08-01,8.184,12.4,4.977,5.734
2000-09-01,7.084,11.125,3.824,4.895
2000-10-01,7.537,10.381,3.858,5.559
2000-11-01,7.124,10.935,2.449,4.855
2000-12-01,8.177,12.341,5.035,5.726
2001-01-01,9.43,13.124,6.139,6.619
2001-02-01,11.084,15.129,7.615,7.893
2001-03-01,11.701,16.207,8.003,8.227
2001-04-01,12.422,16.434,8.79,8.645
2001-05-01,11.607,15.231,7.465,8.03
2001-06-01,10.93,14.952,8.643,7.617
2001-07-01,9.401,12.974,7.095,6.48
2001-08-01,8.896,12.408,5.644,6.232
2001-09-01,7.148,10.472,3.099,4.947
2001-10-01,7.187,11.469,4.47,4.882
2001-11-01,7.603,10.694,5.607,5.448
2001-12-01,8.463,12.73,4.678,5.875
2002-01-01,9.574,13.324,5.952,6.575
2002-02-01,10.838,13.638,7.883,7.569
2002-03-01,11.796,15.48,8.789,8.264
2002-04-01,12.083,14.533,9.068,8.284
2002-05-01,12.026,15.839,8.471,8.451
2002-06-01,11.423,15.365,8.236,7.891
2002-07-01,9.481,12.684,5.734,6.808
2002-08-01,8.028,11.589,5.955,5.672
2002-09-01,7.433,11.91,4.361,5.163
2002-10-01,7.765,11.012,4.828,5.361
2002-11-01,7.254,10.225,3.882,5.067
2002-12-01,8.78,13.021,5.549,6.207
2003-01-01,10.049,14.531,6.151,7.032
2003-02-01,10.742,14.243,8.171,7.497
2003-03-01,11.937,15.943,8.415,8.362
2003-04-01,12.537,16.708,8.758,8.716
2003-05-01,11.7,14.829,7.272,8.156
2003-06-01,10.829,14.086,7.57,7.372
2003-07-01,9.485,13.6,5.822,6.737
2003-08-01,8.126,12.469,5.528,5.718
2003-09-01,7.303,11.084,4.999,5.034
2003-10-01,6.824,9.884,2.902,4.967
2003-11-01,7.473,11.967,3.976,5.24
2003-12-01,8.188,11.422,4.098,5.628
2004-01-01,9.698,13.031,6.885,6.875
2004-02-01,10.501,14.172,6.741,7.391
2004-03-01,11.888,16.165,7.453,8.361
2004-04-01,12.348,16.275,8.639,8.601
2004-05-01,11.307,15.014,7.668,7.96
2004-06-01,10.984,14.715,7.479,7.662
2004-07-01,9.947,13.469,7.232,7.018
2004-08-01,8.088,11.867,3.91,5.471
2004-09-01,7.893,10.128,4.699,5.482
2004-10-01,7.245,10.596,3.493,5.244
2004-11-01,7.299,10.919,4.58,5.032
2004-12-01,8.376,11.301,5.466,5.803
2005-01-01,9.79,13.483,5.572,6.808
2005-02-01,10.919,14.317,7.593,7.522
2005-03-01,11.95,16.327,7.723,8.144
2005-04-01,11.92,16.206,8.459,8.321
2005-05-01,11.857,15.125,9.278,8.314
2005-06-01,10.547,13.971,6.601,7.377
2005-07-01,9.622,13.085,6.417,6.721
2005-08-01,8.174,11.448,4.325,5.726
2005-09-01,7.301,10.899,3.788,5.213
2005-10-01,7.459,10.58,4.731,5.202
2005-11-01,7.758,10.692,4.176,5.373
2005-12-01,8.552,12.364,3.954,5.958
2006-01-01,9.387,13.202,5.64,6.629
2006-02-01,10.831,13.929,7.36,7.723
2006-03-01,12.128,16.076,8.091,8.427
2006-04-01,12.195,15.38,8.59,8.547
2006-05-01,12.405,16.031,8.8,8.717
2006-06-01,11.008,14.919,8.054,7.607
2006-07-01,9.708,13.191,6.091,6.798
2006-08-01,8.333,12.06,4.315,5.686
2006-09-01,7.528,10.77,4.446,5.093
2006-10-01,7.122,10.524,2.91,5.022
2006-11-01,7.672,11.069,4.218,5.332
2006-12-01,8.649,11.776,5.593,6.075
2007-01-01,9.474,12.885,5.475,6.63
2007-02-01,10.587,13.313,7.231,7.313
2007-03-01,11.376,14.63,7.496,7.959
2007-04-01,12.297,15.655,8.943,8.485
2007-05-01,11.559,14.931,8.089,8.231
2007-06-01,10.382,13.761,6.635,7.132
2007-07-01,9.767,13.236,6.122,6.817
2007-08-01,9.043,12.783,6.541,6.226
2007-09-01,7.503,11.441,4.564,5.309
2007-10-01,7.38,10.555,3.415,5.133
2007-11-01,7.525,10.424,4.091,5.216
2007-12-01,8.395,11.374,5.157,5.962
2008-01-01,9.91,13.166,7.089,6.94
2008-02-01,10.857,14.181,7.897,7.652
2008-03-01,11.912,15.027,9.423,8.24
2008-04-01,12.26,15.112,8.811,8.442
2008-05-01,11.678,14.95,8.477,8.185
2008-06-01,11.178,14.769,8.161,7.793
2008-07-01,9.636,13.434,6.17,6.808
2008-08-01,8.241,11.462,4.559,5.761
2008-09-01,7.649,10.943,3.102,5.375
2008-10-01,6.955,9.992,4.211,4.706
2008-11-01,7.522,11.006,3.442,5.454
2008-12-01,8.428,11.504,4.441,5.883
2009-01-01,9.961,13.748,6.851,7.043
2009-02-01,11.059,13.666,7.457,7.657
2009-03-01,11.849,15.169,8.578,8.325
2009-04-01,12.394,16.045,8.802,8.546
2009-05-01,12.203,15.795,7.948,8.587
2009-06-01,11.079,15.926,7.277,7.72
2009-07-01,9.693,13.367,5.938,6.788
2009-08-01,8.112,11.11,4.827,5.748
2009-09-01,7.259,10.711,4.501,4.958
2009-10-01,7.114,9.726,3.718,4.911
2009-11-01,7.373,10.832,3.269,5.207
2009-12-01,8.393,11.477,5.657,6.085
2010-01-01,9.714,13.672,6.742,6.786
2010-02-01,11.082,14.308,7.519,7.817
2010-03-01,11.847,15.289,8.84,8.283
2010-04-01,12.322,15.504,9.218,8.819
2010-05-01,11.881,16.251,8.593,8.142
2010-06-01,10.456,13.796,7.639,7.329
2010-07-01,9.465,13.881,6.452,6.463
2010-08-01,8.414,12.321,4.562,5.639
2010-09-01,7.233,10.974,4.386,5.093
2010-10-01,7.35,11.034,4.649,5.159
2010-11-01,7.918,11.615,4.733,5.514
2010-12-01,8.755,11.291,4.889,6.118
2011-01-01,9.657,13.017,6.255,7.069
2011-02-01,11.333,15.255,8.065,7.907
2011-03-01,11.912,15.388,8.39,8.39
2011-04-01,12.126,14.923,9.499,8.423
2011-05-01,11.722,15.196,7.974,8.235
2011-06-01,10.884,15.236,7.193,7.595
2011-07-01,9.613,13.736,6.318,6.688
2011-08-01,8.503,11.972,4.5,6.134
2011-09-01,7.585,11.561,4.649,5.427
2011-10-01,7.211,10.528,3.147,5.061
2011-11-01,7.654,10.302,4.077,5.127
2011-12-01,8.758,11.795,5.426,6.094
2012-01-01,9.957,14.239,6.467,7.24
2012-02-01,10.599,13.962,7.152,7.396
2012-03-01,11.247,14.625,7.136,7.983
2012-04-01,12.454,15.804,9.492,8.862
2012-05-01,11.543,15.995,8.425,8.102
2012-06-01,10.914,15.227,6.896,7.555
2012-07-01,9.427,14.037,6.225,6.356
2012-08-01,8.02,11.44,4.069,5.682
2012-09-01,7.69,11.338,3.341,5.302
2012-10-01,7.41,10.151,4.111,5.204
2012-11-01,7.411,11.649,3.57,5.063
2012-12-01,7.822,10.738,4.899,5.449
2013-01-01,9.593,13.202,5.716,6.719
2013-02-01,11.078,14.029,7.478,7.781
2013-03-01,11.525,14.731,7.789,7.956
2013-04-01,12.276,15.357,9.099,8.713
2013-05-01,11.891,15.087,9.222,8.264
2013-06-01,11.125,14.355,7.373,7.62
2013-07-01,9.76,12.986,7.292,6.821
2013-08-01,8.237,12.153,4.895,5.769
2013-09-01,7.864,10.812,3.893,5.521
2013-10-01,7.19,10.801,3.594,5.169
2013-11-01,7.558,11.667,3.084,5.267
2013-12-01,8.247,11.49,4.234,5.761
2014-01-01,9.629,12.77,6.456,6.63
2014-02-01,10.769,14.154,7.255,7.62
2014-03-01,11.862,15.952,8.386,8.322
2014-04-01,12.668,16.265,9.959,8.826
2014-05-01,11.562,14.796,8.532,7.903
2014-06-01,10.587,14.329,7.367,7.555
2014-07-01,10.108,13.057,7.626,6.953
2014-08-01,8.438,12.278,4.914,5.847
2014-09-01,7.408,11.112,4.032,5.221
2014-10-01,7.5,10.846,4.836,5.13
2014-11-01,7.424,10.504,3.721,5.047
2014-12-01,8.947,12.003,5.089,6.05
2015-01-01,9.919,13.687,6.306,7.016
2015-02-01,10.878,14.993,7.54,7.56
2015-03-01,12.454,15.636,8.659,9.011
2015-04-01,12.099,15.828,8.258,8.37
2015-05-01,12.101,14.557,8.447,8.378
2015-06-01,11.075,14.283,7.987,7.696
2015-07-01,10.075,13.56,6.437,7.077
2015-08-01,8.89,11.936,4.793,6.176
2015-09-01,7.593,10.625,4.391,5.376
2015-10-01,7.062,10.228,2.513,4.845
2015-11-01,7.7,11.346,4.463,5.252
2015-12-01,8.331,11.737,4.814,5.652
2016-01-01,10.263,12.644,7.1,6.962
2016-02-01,11.044,13.484,7.432,7.679
2016-03-01,11.834,15.03,9.205,8.254
2016-04-01,12.306,16.035,9.079,8.551
2016-05-01,11.588,13.715,8.634,8.236
2016-06-01,10.767,14.017,7.199,7.66
2016-07-01,10.06,13.297,6.063,7.009
2016-08-01,8.346,12.54,4.523,5.663
2016-09-01,7.333,10.641,5.019,5.077
2016-10-01,7.394,11.086,2.873,5.116
2016-11-01,7.891,11.462,4.244,5.458
2016-12-01,8.69,11.124,5.578,6.013
2017-01-01,10.019,13.903,6.44,6.948
2017-02-01,10.831,14.438,7.243,7.543
2017-03-01,11.58,15.334,8.413,8.042
2017-04-01,12.645,18.108,9.046,8.873
2017-05-01,11.854,14.312,8.658,8.334
2017-06-01,10.957,15.32,7.659,7.579
2017-07-01,10.102,13.458,6.945,7.199
2017-08-01,8.659,12.303,5.875,5.963
2017-09-01,7.719,11.196,4.146,5.241
2017-10-01,7.811,11.099,4.019,5.506
2017-11-01,7.444,10.659,3.687,5.129
2017-12-01,8.752,12.417,4.842,6.159
2018-01-01,9.794,12.536,6.132,6.616
2018-02-01,11.097,14.972,7.864,7.907
2018-03-01,12.327,15.619,8.407,8.696
2018-04-01,12.407,15.342,9.586,8.535
2018-05-01,12.08,15.355,9.03,8.308
2018-06-01,11.298,15.427,8.28,8.076
2018-07-01,9.689,12.921,5.649,6.708
2018-08-01,8.32,11.999,4.349,5.741
2018-09-01,7.354,10.488,3.61,4.921
2018-10-01,6.788,10.667,2.752,4.717
2018-11-01,8.129,11.972,5.069,5.668
2018-12-01,8.254,12.679,4.58,5.849
2019-01-01,9.735,13.147,6.297,6.674
2019-02-01,10.971,14.805,7.047,7.528
2019-03-01,12.032,15.581,8.59,8.467
2019-04-01,12.494,16.642,9.186,8.846
2019-05-01,12.17,15.311,8.4,8.362
2019-06-01,10.894,14.767,6.956,7.734
2019-07-01,9.748,13.151,6.582,6.828
2019-08-01,8.611,12.079,5.141,6.137
2019-09-01,7.563,11.109,4.592,5.287
2019-10-01,7.692,11.318,5.441,5.132
2019-11-01,7.748,11.19,4.147,5.408
2019-12-01,8.724,12.331,4.919,6.213
2020-01-01,9.966,14.255,6.335,6.887
2020-02-01,11.343,15.336,8.818,7.902
2020-03-01,12.01,15.945,8.686,8.39
2020-04-01,11.976,15.248,9.585,8.093
2020-05-01,12.065,15.12,7.88,8.613
2020-06-01,10.887,14.865,7.93,7.531
2020-07-01,9.668,13.606,5.54,6.818
2020-08-01,8.697,12.933,4.724,6.079
2020-09-01,7.945,11.143,4.895,5.687
2020-10-01,7.305,10.691,4.372,5.154
2020-11-01,7.712,10.392,4.037,5.375
2020-12-01,8.976,12.279,5.898,6.194
2021-01-01,9.87,13.868,6.319,6.989
2021-02-01,11.71,14.977,8.452,8.01
2021-03-01,12.116,15.937,9.507,8.546
2021-04-01,11.87,15.275,9.485,8.199
2021-05-01,12.163,15.825,8.55,8.64
2021-06-01,11.155,14.081,7.936,7.825
2021-07-01,10.132,13.675,6.909,7.157
2021-08-01,8.728,10.733,4.88,6.118
2021-09-01,7.61,11.017,3.524,5.152
2021-10-01,7.004,9.689,3.64,4.817
2021-11-01,7.593,11.696,4.263,5.382
2021-12-01,8.347,12.236,4.597,5.86
2022-01-01,9.675,13.408,6.853,6.891
2022-02-01,11.217,15.478,7.606,7.892
2022-03-01,12.403,15.428,8.627,8.585
2022-04-01,12.419,16.792,8.579,8.613
2022-05-01,11.686,15.652,9.154,8.191
2022-06-01,11.181,14.563,8.062,7.595
2022-07-01,10.119,14.187,7.058,7.251
2022-08-01,8.418,11.364,4.868,5.936
2022-09-01,7.621,10.709,3.881,5.458
2022-10-01,7.324,10.519,3.075,4.969
2022-11-01,7.459,10.694,4.206,5.346
2022-12-01,8.732,11.704,5.481,6.336
2023-01-01,9.8,13.911,5.725,6.728
2023-02-01,11.185,14.555,7.537,7.907
2023-03-01,11.773,15.449,7.639,8.241
2023-04-01,12.221,15.435,8.576,8.4
2023-05-01,12.176,14.765,9.254,8.572
2023-06-01,10.987,14.622,8.153,7.774
2023-07-01,10.262,12.806,7.537,7.123
2023-08-01,8.48,11.946,4.649,6.053
2023-09-01,7.721,10.537,3.627,5.238
2023-10-01,7.563,12.057,3.138,5.145
2023-11-01,7.31,11.266,3.389,5.131
2023-12-01,8.14,11.693,4.058,5.7
